no,name,line,gugun,dong,address,lat,lng
1,서울,1,중구,봉래동2가,서울특별시 중구 봉래동2가 122 서울역(1호선),37.5574069,126.9694999
2,시청,1,중구,정동,서울특별시 중구 정동 5-5 시청역(1호선),37.56389,126.9753112
3,종각,1,종로구,종로1가,서울특별시 종로구 종로1가 54 종각지하철역사,37.570178,126.983116
4,종로3가,1,종로구,종로3가,서울특별시 종로3가 10-5  1호선 종로3가역(1호선),37.5715,126.9912475
5,종로5가,1,종로구,종로5가,서울특별시 종로구 종로5가 82-1 1호선 종로5가역,37.5708307,127.0023506
6,동대문,1,종로구,창신동,서울특별시 종로구 창신동 492-1 1호선 동대문역(1호선),37.5711389,127.0095452
7,신설동,1,동대문구,신설동,서울특별시 동대문구 신설동 76-5 신설동역(1호선),37.575326,127.0248495
8,제기동,1,동대문구,제기동,서울특별시 동대문구 제기동 65 제기동역,37.5781758,127.0345907
9,청량리(서울시립대입구),1,동대문구,전농동,서울특별시 동대문구 전농동 620-69 청량리역,37.5797844,127.0459903
10,동묘앞,1,종로구,숭인동,서울특별시 종로구 숭인동 117 동묘앞역(1호선),37.572729,127.016008
11,시청,2,중구,서소문동,서울특별시 중구 서소문동 90-1 시청역(2호선),37.56389,126.9753112
12,을지로입구,2,중구,을지로1가,서울특별시 중구 을지로1가 100-1 을지로입구역,37.566065,126.982679
13,을지로3가,2,중구,을지로3가,서울특별시 중구 을지로3가 347-3 을지로3가역(2호선),37.56617,126.9902025
14,을지로4가,2,중구,을지로4가,서울특별시 중구 을지로4가 267-1 을지로4가역(2호선),37.5663914,126.9972594
15,동대문역사문화공원,2,중구,을지로7가,서울특별시 중구 을지로 7가 112-3 동대문역사문화공원역(2호선),37.5657177,127.0084849
16,신당,2,중구,신당동,서울특별시 중구 신당동 99 신당역(2호선),37.5656465,127.0196049
17,상왕십리,2,성동구,하왕십리동,서울특별시 성동구 하왕십리동 946-14 상왕십리역,37.56408,127.02986
18,왕십리(성동구청),2,성동구,행당동,서울특별시 성동구 행당동 192 왕십리역(2호선),37.5622586,127.0372276
19,한양대,2,성동구,행당동,서울특별시 성동구 행당동 산17 17 한양대역,37.5555961,127.0436859
20,뚝섬,2,성동구,성수동1가,서울특별시 성동구 성수동1가 656-745 뚝섬역,37.5471773,127.0473802
21,성수,2,성동구,성수동2가,서울특별시 성동구 성수동2가 300-1 성수역,37.5446009,127.0568847
22,건대입구,2,광진구,화양동,서울특별시 광진구 화양동 7-3 2호선 건대입구역(2호선),37.540397,127.069253
23,구의(광진구청),2,광진구,구의동,서울특별시 광진구 구의동 245-24 2호선 구의역,37.5380289,127.0905739
24,강변(동서울터미널),2,광진구,구의동,서울특별시 광진구 구의동 546-6 2호선 강변역,37.535152,127.094689
25,잠실나루,2,송파구,신천동,서울특별시 송파구 신천동 15 잠실나루역,37.520669,127.103839
26,잠실(송파구청),2,송파구,잠실동,서울특별시 송파구 잠실동 8 잠실역(2호선),37.515194,127.0948475
27,잠실새내,2,송파구,잠실동,서울특별시 송파구 잠실동 33 잠실새내역,37.511632,127.085602
28,종합운동장,2,송파구,잠실동,서울특별시 송파구 잠실동 122 종합운동장역,37.5110736,127.0742826
29,삼성(무역센터),2,강남구,삼성동,서울특별시 강남구 삼성동 172-66 삼성역,37.5088263,127.0630673
30,선릉,2,강남구삼성동,서울특별시 강남구 삼성동 172-66 선릉역,37.5088263,127.0630673
31,역삼,2,강남구역삼동,서울특별시 강남구 역삼동 804 역삼역,37.4981284,127.028303
32,강남,2,강남구역삼동,서울특별시 강남구 역삼동 858 강남역,37.4970172,127.0281681
33,교대(법원·검찰청),2,서초구,서초동,서울특별시 서초구 서초동 1748-4 교대역(2호선),37.4948466,127.0172856
34,서초,2,서초구,서초동,서울특별시 서초구 서초동 1748-5 서초역,37.4927648,127.0105414
35,방배,2,서초구,방배동,서울특별시 서초구 방배동 912-14 방배역,37.4812965,126.9973202
36,사당,2,동작구,사당동,서울특별시 동작구 사당동 1129 사당역(2호선),37.4765394,126.9816401
37,낙성대,2,관악구,봉천동,서울특별시 관악구 봉천동 1693-39 2호선 낙성대역사,37.477279,126.963418
38,서울대입구(관악구청),2,관악구,봉천동,서울특별시 관악구 봉천동 979-2 서울대입구역사,37.48121,126.952712
39,봉천,2,관악구,봉천동,서울툭별시 관악구 봉천동 979-7 2호선 봉천역사,37.482663,126.941585
40,신림,2,관악구,신림동,서울특별시 관악구 신림동 1467-10 2호선 신림역사,37.484422,126.929671
41,신대방,2,동작구,신대방동,서울특별시 동작구 신대방동 643-1 신대방역 2호선,37.4874551,126.91308
42,구로디지털단지,2,구로구,구로동,서울특별시 구로구 구로동 810-3 구로디지털단지역,37.4849804,126.90122
43,대림(구로구청),2,구로구,구로동,서울특별시 구로구 구로동 1204 대림역(2호선),37.4932697,126.89405
44,신도림,2,구로구,신도림동,서울특별시 구로구 신도림동 460-26 2호선 신도림역,37.5089817,126.8918004
45,문래,2,영등포구,문래동3가,서울특별시 영등포구 문래동3가 68-1문래역,37.5178873,126.8947513
46,영등포구청,2,영등포구,당산동3가,서울특별시 영등포구 당산동3가 270-1 영등포구청역(2호선),37.5257723,126.896621
47,당산,2,영등포구,당산동,서울특별시 영등포구 당산동 6가 323-1 당산역,37.5349309,126.9027301
48,합정,2,마포구,서교동,서울특별시 마포구 서교동 393 합정역(2호선),37.5500077,126.9145039
49,홍대입구,2,마포구,동교동,서울특별시 마포구 동교동 165 홍대입구역,37.55692,126.92415
50,신촌,2,마포구,노고산동,서울특별시 마포구 노고산동 31-11 신촌역,37.5551357,126.9368898
51,이대,2,마포구,염리동,서울특별시 마포구 염리동 8-85 이대역,37.5568129,126.9477118
52,아현,2,마포구,아현동,서울특별시 마포구 아현동 354-23 아현역,37.5558896,126.9556609
53,충정로(경기대입구),2,서대문구,충정로3가,서울특별시 서대문구 충정로3가 319-1 충정로역(2호선),37.559729,126.964531
54,용답,2,성동구,용답동,서울특별시 성동구 용답동 127 용답역,37.562132,127.0508327
55,신답,2,성동구,용답동,서울특별시 성동구 용답동 129-2 신답역,37.569889,127.04701
56,용두(동대문구청),2,동대문구,용두동,서울특별시 동대문구 용두동 47-1 용두역,37.5738576,127.0379896
57,신설동,2,동대문구,신설동,서울특별시 동대문구 신설동 76-5 신설동역(2호선),37.5760865,127.0245591
58,도림천,2,구로구,신도림동,서울특별시 구로구 신도림동 323-16 도림천역,37.5144011,126.8826846
59,양천구청,2,양천구,신정동,서울특별시 양천구 신정동 276-7 양천구청역,37.512332,126.865649
60,신정네거리,2,양천구,신정동,서울특별시 양천구 신정동 1231 신정네거리역,37.5183163,126.8535941
61,까치산,2,강서구,화곡동,서울특별시 강서구 화곡동 662-5 까치산역,37.5325506,126.8463214
62,지축,3,고양시 덕양구,지축동,경기도 고양시 덕양구 지축동 818-64 3호선 지축역,37.648069,126.913746
63,구파발,3,은평구,진관동,서울특별시 은평구 진관동 67-26 3호선 구파발역사무소,37.636812,126.918813
64,연신내,3,은평구,갈현동,서울특별시 은평구 갈현동 397 연신내역(3호선),37.6188881,126.920832
65,불광,3,은평구,대조동,서울특별시 은평구 대조동 14-1 불광역(3호선),37.6105025,126.9298435
66,녹번,3,은평구,녹번동,서울특별시 은평구 녹번동 55 지하철3호선 녹번역,37.6009184,126.9357503
67,홍제,3,서대문구,홍제동,서울특별시 서대문구 홍제동 161-1 홍제역,37.5872664,126.9458373
68,무악재,3,서대문구,홍제동,서울특별시 서대문구 홍제동 26-1 무악재역,37.5816646,126.9517492
69,독립문,3,서대문구,현저동,서울특별시 서대문구 현저동 101 독립문역,37.5718949,126.9571103
70,경복궁(정부서울청사),3,종로구,적선동,서울특별시 종로구 적선동 81-1 3호선 경복궁역,37.575802,126.973538
71,안국,3,종로구,안국동,서울특별시 종로구 안국동 155-2 3호선 안국역,37.576553,126.985565
72,종로3가,3,종로구,묘동,서울특별시 종로구 묘동 59 종로3가역(3호선),37.5715,126.9912475
73,을지로3가,3,중구,을지로3가,서울특별시 중구 을지로3가 282-8 을지로3가역(3호선),37.566286,126.9917735
74,충무로,3,중구,필동2가,"서울특별시 중구 필동2가 16-2 충무로역(3, 4호선)",37.5611591,126.994398
75,동대입구,3,중구,장충동2가,서울특별시 중구 장충동2가 199-3 동대입구역 3호선,37.5591753,127.005064
76,약수,3,중구,신당동,서울특별시 중구 신당동 369-44 약수역(3호선),37.5543795,127.0110164
77,금호,3,성동구,금호동4가,서울특별시 성동구 금호동4가 1470 금호역,37.5480381,127.0158826
78,옥수,3,성동구,옥수동,서울특별시 성동구 옥수동 168-1 옥수역,37.5398948,127.0172208
79,압구정,3,강남구,신사동,서울특별시 강남구 신사동 668 압구정역,37.5235264,127.0283255
80,신사,3,강남구,신사동,서울특별시 강남구 신사동 667 신사역,37.5163915,127.0203073
81,잠원,3,서초구,잠원동,서울특별시 서초구 잠원동 100-1 잠원역,37.51296,127.011611
82,고속터미널,3,서초구,반포동,서울특별시 서초구 반포동 19-11 고속터미널역(3호선),37.504835,127.004958
83,교대(법원·검찰청),3,서초구,서초동,서울특별시 서초구 서초동 1748-4 교대역(3호선),37.493559,127.013714
84,남부터미널(예술의전당),3,서초구,서초동,서울특별시 서초구 서초동 1748-30 남부터미널역,37.484918,127.01629
85,양재(서초구청),3,서초구,서초동,서울특별시 서초구 서초동 1366-9 양재역,37.4843603,127.0341755
86,매봉,3,강남구,도곡동,서울특별시 강남구 도곡동 179-2 매봉역,37.487035,127.046918
87,도곡,3,강남구,도곡동,서울특별시 강남구 도곡동 339-2 도곡역,37.4908245,127.0553064
88,대치,3,강남구,대치동,서울특별시 강남구 대치동 317-3 대치역,37.494569,127.063446
89,학여울,3,강남구,대치동,서울특별시 강남구 대치동 514-3 학여울역,37.4970066,127.0723618
90,대청,3,강남구,일원동,서울특별시 강남구 일원동 700-9 대청역,37.49359,127.079536
91,일원,3,강남구,일원동,서울특별시 강남구 일원동 717 일원역,37.4839534,127.0844127
92,수서,3,강남구,수서동,서울특별시 강남구 수서동 728 수서역,37.4873499,127.1018416
93,가락시장,3,송파구,가락동,서울특별시 송파구 가락동 184-23 가락시장역,37.49297,127.11801
94,경찰병원,3,송파구,가락동,서울특별시 송파구 가락동 10-15 경찰병원역,37.495701,127.124206
95,오금,3,송파구,오금동,서울특별시 송파구 오금동 44-2 오금역,37.5022335,127.128354
96,당고개,4,노원구,상계동,서울특별시 노원구 상계동 111 당고개역,37.6704926,127.0794324
97,상계,4,노원구,상계동,서울특별시 노원구 상계동 156-203 상계역,37.6610953,127.0735256
98,노원,4,노원구,상계동,서울특별시 노원구 상계동 602-5 노원역(4호선),37.655022,127.060408
99,창동,4,도봉구,창동,서울특별시 도봉구 창동 135-1 창동역,37.6531856,127.0481139
100,쌍문,4,도봉구,창동,서울특별시 도봉구 창동 703-4 쌍문역,37.652819,127.0368132
101,수유(강북구청),4,강북구,수유동,서울특별시 강북구 수유동 140 수유역,37.6397753,127.0272077
102,미아(서울사이버대학),4,강북구,미아동,서울특별시 강북구 미아동 194-1 미아역,37.626402,127.02615
103,미아사거리,4,강북구,미아동,서울특별시 강북구 미아동 66-1 미아사거리역,37.6151041,127.0300461
104,길음,4,성북구,길음동,서울특별시 성북구 길음동 877-66 길음역,37.6032254,127.0249647
105,성신여대입구(돈암),4,성북구,동선동4가,서울특별시 성북구 동선동4가 1 성신여대입구역,37.5926556,127.0163931
106,한성대입구(삼선교),4,성북구,삼선동1가,서울특별시 성북구 삼선동1가 14 한성대입구역,37.5880209,127.0057966
107,혜화,4,종로구,명륜4가,서울특별시 종로구 명륜4가 96-5 4호선 혜화역,37.582028,127.001891
108,동대문,4,종로구,종로6가,서울특별시 종로구 종로6가 287-1 동대문역(4호선),37.571611,127.010542
109,동대문역사문화공원,4,중구,광희동2가,서울특별시 중구 광희동2가 9 동대문역사문화공원역(4호선),37.5644784,127.0071588
110,충무로,4,중구,필동2가,"서울특별시 중구 필동2가 16-2 충무로역(3, 4호선)",37.5611591,126.994398
111,명동,4,중구,충무로2가,서울특별시 중구 충무로2가 109-2 명동역 4호선,37.560923,126.986036
112,회현(남대문시장),4,중구,남창동,서울특별시 중구 남창동 64-1 회현역 4호선,37.5582441,126.9757315
113,서울역,4,용산구,동자동,서울특별시 중구 용산구 동자동 14-151 서울역(4호선),37.552918,126.972593
114,숙대입구(갈월),4,용산구,갈월동,서울특별시 용산구 갈월동 16-7 숙대입구역,37.54554,126.97169
115,삼각지,4,용산구,한강로1가,서울특별시 용산구 한강로1가 228-1 삼각지역(4호선),37.5350315,126.9734515
116,신용산,4,용산구,한강로2가,서울특별시 용산구 한강로2가 181 4호선 신용산역,37.528906,126.967618
117,이촌(국립중앙박물관),4,용산구,용산동5가,서울특별시 용산구 용산동5가 17-112 4호선 이촌역,37.5222735,126.9747217
118,동작(현충원),4,동작구,동작동,서울특별시 동작구 동작동 327-1 4호선 동작역,37.528906,126.980438
119,총신대입구(이수),4,동작구,사당동,서울특별시 동작구 사당동 736-1 총신대역4호선,37.4874887,126.9822238
120,사당,4,동작구,사당동,서울특별시 동작구 사당동 588-4 사당역(4호선),37.4765394,126.9816401
121,남태령,4,서초구,방배동,서울특별시 서초구 방배동 2909 남태령역,37.4642975,126.9892769
122,방화,5,강서구,방화동,서울특별시 강서구 방화동 829-15 방화역,37.5772156,126.8126263
123,개화산,5,강서구,방화동,서울특별시 강서구 방화동 846 개화산역,37.5730865,126.8062639
124,김포공항,5,강서구,방화동,서울특별시 강서구 방화동 886 김포공항역,37.5636111,126.8038889
125,송정,5,강서구,공항동,서울특별시 강서구 공항동 29-5 송정역,37.561401,126.810935
126,마곡,5,강서구,가양동,서울특별시 강서구 가양동 530-6 마곡역,37.560092,126.824872
127,발산,5,강서구,가양동,서울특별시 강서구 가양동 967-3 발산역,37.558683,126.837595
128,우장산,5,강서구,화곡동,서울특별시 강서구 화곡동 1089-3 우장산역,37.548783,126.836334
129,화곡,5,강서구,화곡동,서울특별시 강서구 화곡동 1089-54 화곡역,37.5410793,126.8408434
130,까치산,5,강서구,화곡동,서울특별시 강서구 화곡동 662-5 까치산역(5호선),37.5325506,126.8463214
131,신정(은행정),5,양천구,신정동,서울특별시 양천구 신정동 1090 신정역,37.524987,126.856181
132,목동,5,양천구,목동,서울특별시 양천구 목동 926-3 목동역,37.52654,126.86448
133,오목교(목동운동장앞),5,양천구,목동,서울특별시 양천구 목동 406-30 오목교역,37.5246,126.8743362
134,양평,5,영등포구,양평동2가,서울특별시 영등포구 양평동2가 33-79 양평역 ,37.52535,126.88608
135,영등포구청,5,영등포구,당산동3가,서울특별시 영등포구 당산동3가 556-1 영등포구청역(5호선),37.5248203,126.8959946
136,영등포시장,5,영등포구,영등포동5가,서울특별시 영등포구 영등포동5가 62-1 영등포시장역,37.5225026,126.9051249
137,신길,5,영등포구,영등포동1가,서울특별시 영등포구 영등포동1가 35 신길역,37.5176785,126.914616
138,여의도,5,영등포구,여의도동,서울특별시 영등포구 여의도동 3 여의도역,37.5217991,126.9244663
139,여의나루,5,영등포구,여의도동,서울특별시 영등포구 여의도동 84-4 여의나루역,37.5267506,126.9328452
140,마포,5,마포구,도화동,서울특별시 마포구 도화동 160 마포역,37.539705,126.94604
141,공덕,5,마포구,공덕동,"서울특별시 마포구 공덕동 423-29 공덕역(5, 6호선)",37.5444535,126.9511752
142,애오개,5,마포구,아현동,서울특별시 마포구 아현동 612 애오개역,37.55348,126.95651
143,충정로(경기대입구),5,서대문구,충정로3가,서울특별시 서대문구 충정로3가 248-1 충정로역(5호선),37.5611255,126.9635279
144,서대문,5,종로구,평동,서울특별시 종로구 평동 210 서대문역,37.5661698,126.9669625
145,광화문(세종문화회관),5,종로구,세종로,서울특별시 종로구 세종로 1-90 광화문역,37.571612,126.976254
146,종로3가(탑골공원),5,종로구,낙원동,서울특별시 종로구 낙원동 126 종로3가역(5호선),37.5715,126.9912475
147,을지로4가,5,중구,을지로4가,서울특별시 중구 을지로4가 192 을지로4가역(5호선),37.56662,126.997631
148,동대문역사문화공원,5,중구,광희동1가,서울특별시 중구 광희동1가 235-6 동대문역사문화공원역(5호선),37.565111,127.007783
149,청구,5,중구,신당동,"서울특별시 중구 신당동 295-2 청구역(5, 6호선)",37.5591145,127.0131005
150,신금호,5,성동구,금호동2가,서울특별시 성동구 금호동2가 223-1 신금호역,37.554468,127.020794
151,행당,5,성동구,행당동,서울특별시 성동구 행당동 317-241 행당역,37.557402,127.029637
152,왕십리(성동구청),5,성동구,행당동,서울특별시 성동구 행당동 192 왕십리역(5호선),37.5622586,127.0372276
153,마장,5,성동구,마장동,서울특별시 성동구 마장동 772 마장역,37.5660505,127.0429223
154,답십리,5,성동구,용답동,서울특별시 성동구 용답동 99 답십리역,37.5668422,127.0526017
155,장한평,5,동대문구,장안동,서울특별시 동대문구 장안동 472-3 장한평역,37.561472,127.064657
156,군자(능동),5,광진구,능동,"서울특별시 광진구 능동 275-5 군자역(5, 7호선)",37.5569984,127.079719
157,아차산(어린이대공원후문),5,광진구,능동,서울특별시 광진구 능동 256-16 아차산역,37.5528109,127.0889706
158,광나루(장신대),5,광진구,광장동,서울특별시 광진구 광장동 237 광나루역,37.5454285,127.1036523
159,천호(풍납토성),5,강동구,천호동,"서울특별시 강동구 천호동 455 천호역(5, 8호선)",37.5385777,127.1234213
160,강동,5,강동구,천호동,서울특별시 강동구 천호동 447 강동역,37.5356924,127.1340676
161,길동,5,강동구,길동,서울특별시 강동구 길동 378 길동역,37.537776,127.140009
162,굽은다리(강동구민회관앞),5,강동구,명일동,서울특별시 강동구 명일동 345-12 굽은다리역,37.54619,127.14283
163,명일,5,강동구,명일동,서울특별시 강동구 명일동 312 명일역,37.5513169,127.1439955
164,고덕,5,강동구,고덕동,서울특별시 강동구 고덕동 310 고덕역,37.5556248,127.1538766
165,상일동,5,강동구,상일동,서울특별시 강동구 상일동 148 상일동역,37.557186,127.169284
166,둔촌동,5,강동구,둔촌동,서울특별시 강동구 둔촌동 416 둔촌동역,37.527664,127.136248
167,올림픽공원(한국체대),5,송파구,방이동,서울특별시 송파구 방이동 89-28 올림픽공원역,37.516398,127.131046
168,방이,5,송파구,방이동,서울특별시 송파구 방이동 217-2 방이역,37.50828,127.1256705
169,오금,5,송파구,오금동,서울특별시 송파구 오금동 44-2 오금역,37.5022335,127.128354
170,개롱,5,송파구,오금동,서울특별시 송파구 오금동 165-2 개롱역,37.4982404,127.136456
171,거여,5,송파구,거여동,서울특별시 송파구 거여동 20-14 거여역,37.493422,127.143597
172,마천,5,송파구,마천동,서울특별시 송파구 마천동 307-4 마천역,37.4946944,127.1521944
173,응암,6,은평구,역촌동,서울특별시 은평구 역촌동 85-41 응암역,37.5986299,126.9155626
174,역촌,6,은평구,녹번동,서울특별시 은평구 녹번동 144-69 역촌역,37.6059994,126.9229527
175,불광,6,은평구,대조동,서울특별시 은평구 대조동 14-1 불광역(6호선),37.610876,126.929356
176,독바위,6,은평구,불광동,서울특별시 은평구 불광동 13-33 독바위역,37.618397,126.933056
177,연신내,6,은평구,갈현동,서울특별시 은평구 갈현동 397 연신내역,37.6191237,126.9211376
178,구산,6,은평구,구산동,서울특별시 은평구 구산동 1 구산역,37.6111396,126.9169368
179,새절(신사),6,은평구,신사동,서울특별시 은평구 신사동 337-5 새절역,37.5910797,126.9132724
180,증산(명지대앞),6,은평구,증산동,서울특별시 은평구 증산동 199-8 증산역,37.5836921,126.9092563
181,디지털미디어시티,6,은평구,수색동,서울특별시 은평구 수색동 37-36 디지털미디어시티역,37.5779636,126.9004205
182,월드컵경기장(성산),6,마포구,성산동,서울특별시 마포구 성산동 420 월드컵경기장역,37.569656,126.899058
183,마포구청,6,마포구,성산동,서울특별시 마포구 성산동 592 마포구청역,37.5626638,126.9041008
184,망원,6,마포구,망원동,서울특별시 마포구 망원동 378 망원역,37.5557572,126.909907
185,합정,6,마포구,합정동,서울특별시 마포구 합정동 414 합정역(6호선),37.548987,126.913615
186,상수,6,마포구,상수동,서울특별시 마포구 상수동 309-10 상수역,37.5466338,126.9226203
187,광흥창(서강),6,마포구,창전동,서울특별시 마포구 창전동 145-17 광흥창역,37.5474463,126.9319256
188,대흥(서강대앞),6,마포구,대흥동,서울특별시 마포구 대흥동 128-1 대흥역,37.5477312,126.9423543
189,공덕,6,마포구,공덕동,"서울특별시 마포구 공덕동 423-29 공덕역(5, 6호선)",37.5444535,126.9511752
190,효창공원앞,6,용산구,효창동,서울특별시 용산구 효창동 80 효창공원앞역,37.539298,126.961356
191,삼각지,6,용산구,한강로1가,서울특별시 용산구 한강로1가 228-1 삼각지역(6호선),37.5360789,126.9737232
192,녹사평(용산구청),6,용산구,용산동4가,서울특별시 용산구 용산동 4가 4 녹사평역,37.5347919,126.9870163
193,이태원,6,용산구,이태원동,서울특별시 용산구 이태원동 119-23 이태원역,37.5345103,126.9946564
194,한강진,6,용산구,한남동,서울특별시 용산구 한남동 726-494 한강진역,37.54072,127.00199
195,버티고개,6,중구,신당동,서울특별시 중구 신당동 366-454 버티고개역,37.5478919,127.0071227
196,약수,6,중구,신당동,서울특별시 중구 신당동 369-2 약수역(6호선),37.554173,127.010299
197,청구,6,중구,신당동,"서울특별시 중구 신당동 295-2 청구역(5, 6호선)",37.5591145,127.0131005
198,신당,6,중구,흥인동,서울특별시 중구 흥인동 162-1 신당역(6호선),37.567534,127.0161118
199,동묘앞,6,종로구,창신동,서울특별시 종로구 창신동 263-2 동묘앞역(6호선),37.5795663,127.0146945
200,창신,6,종로구,창신동,서울특별시 종로구 창신동 20-8 창신역,37.5795663,127.0146945
201,보문,6,성북구,보문동1가,서울특별시 성북구 보문동 1가 127-1 보문역,37.5855633,127.0201782
202,안암(고대병원앞),6,성북구,안암동5가,서울특별시 성북구 안암동5가 146-1 안암역,37.586051,127.0293623
203,고려대(종암),6,성북구,종암동,서울특별시 성북구 종암동 29-18 고려대역,37.59041,127.035877
204,월곡(동덕여대),6,성북구,하월곡동,서울특별시 성북구 하월곡동 35-1 월곡역,37.601925,127.04153
205,상월곡(한국과학기술연구원),6,성북구,상월곡동,서울특별시 성북구 상월곡동 26-1 상월곡역,37.6066,127.048862
206,돌곶이,6,성북구,석관동,서울특별시 성북구 석관동 349-8 돌곶이역,37.61054,127.05675
207,석계,6,노원구,월계동,서울특별시 노원구 월계동 25-2 석계역,37.615123,127.0669139
208,태릉입구,6,노원구,공릉동,"서울특별시 노원구 공릉동 616-4 태릉입구역(6, 7호선)",37.6179085,127.0750345
209,화랑대(서울여대입구),6,노원구,공릉동,서울특별시 노원구 공릉동 285-2 화랑대역,37.6201651,127.0838154
210,봉화산(서울의료원),6,중랑구,신내동,서울특별시 중랑구 신내동 643-1 봉화산역,37.6173363,127.0913181
211,장암,7,의정부시,장암동,경기도 의정부시 장암동 160-8 장암역,37.7001237,127.0531803
212,도봉산,7,도봉구,도봉동,서울특별시 도봉구 도봉동 38-3 도봉산역,37.6892434,127.0465149
213,수락산,7,노원구,상계동,서울특별시 노원구 상계동 1132-9 수락산역,37.6771548,127.0553068
214,마들,7,노원구,상계동,서울특별시 노원구 상계동 650 마들역,37.6675895,127.0569843
215,노원,7,노원구,상계동,서울특별시 노원구 상계동 729-0 노원역(7호선),37.654278,127.06058
216,중계,7,노원구,중계동,서울특별시 노원구 중계동 503-3 중계역,37.6425631,127.0652144
217,하계,7,노원구,하계동,서울특별시 노원구 하계동 273-5 하계역,37.6351911,127.0685438
218,공릉(서울과학기술대),7,노원구,공릉동,서울특별시 노원구 공릉동 385-4 공릉역,37.6258623,127.0728393
219,태릉입구,7,노원구,공릉동,"서울특별시 노원구 공릉동 616-4 태릉입구역(6, 7호선)",37.6179085,127.0750345
220,먹골,7,중랑구,묵동,서울특별시 중랑구 묵동 189-5 먹골역,37.61078,127.077707
221,중화,7,중랑구,중화동,서울특별시 중랑구 중화동 50-3 중화역,37.601757,127.079416
222,상봉(시외버스터미널),7,중랑구,상봉동,서울특별시 중랑구 상봉동 160-7 상봉역,37.5959947,127.0843699
223,면목,7,중랑구,면목동,서울특별시 중랑구 면목동 282-6 면목역,37.5891527,127.0873411
224,사가정,7,중랑구,면목동,서울특별시 중랑구 면목동 495 사가정역,37.5817877,127.0843345
225,용마산,7,중랑구,면목동,서울특별시 중랑구 면목동 1382-13 용마산역,37.573909,127.08685
226,중곡,7,광진구,중곡동,서울특별시 광진구 중곡동 273-2 중곡역,37.565535,127.084086
227,군자(능동),7,광진구,능동,"서울특별시 광진구 능동 275-5 군자역(5, 7호선)",37.5569984,127.079719
228,어린이대공원(세종대),7,광진구,화양동,서울특별시 광진구 화양동 164-1 어린이대공원역,37.5471129,127.0739401
229,건대입구,7,광진구,화양동,서울특별시 광진구 화양동 6-3 건대입구역(7호선),37.540397,127.069253
230,뚝섬유원지,7,광진구,자양동,서울특별시 광진구 자양동 73-2 뚝섬유원지역,37.5321213,127.0668458
231,청담,7,강남구,청담동,서울특별시 강남구 청담동 77-76 청담역,37.5191066,127.0520336
232,강남구청,7,강남구,삼성동,서울특별시 강남구 삼성동 111-44 강남구청역,37.5171837,127.041273
233,학동,7,강남구,논현동,서울특별시 강남구 논현동 279-67 학동역,37.511206,127.021728
234,논현,7,강남구,논현동,서울특별시 강남구 논현동 280 논현역,37.5106484,127.0218283
235,반포,7,서초구,잠원동,서울특별시 서초구 잠원동 103 반포역,37.50796,127.01151
236,고속터미널,7,서초구,반포동,서울특별시 서초구 반포동 19-11 고속터미널역(7호선),37.5054076,127.0070817
237,내방,7,서초구,방배동,서울특별시 서초구 방배동 874-16 내방역,37.4886653,126.9943636
238,이수,7,동작구,사당동,서울특별시 동작구 사당동 144-4 이수역,37.4849508,126.980963
239,남성,7,동작구,사당동,서울특별시 동작구 사당동 산 25-33 남성역,37.484792,126.970785
240,숭실대입구(살피재),7,동작구,상도동,서울특별시 동작구 상도동 514 숭실대입구역,37.49567,126.95395
241,상도,7,동작구,상도1동,서울특별시 동작구 상도1동 702-1 상도역,37.5028025,126.9476764
242,장승배기,7,동작구,상도동,서울특별시 동작구 상도동 26-20 장승배기역,37.5045422,126.9385948
243,신대방삼거리,7,동작구,대방동,서울특별시 동작구 대방동 406-10 신대방삼거리역,37.49952,126.92836
244,보라매,7,동작구,대방동,서울특별시 동작구 대방동 466-51 보라매역,37.4998737,126.9205715
245,신풍,7,영등포구,신길동,서울특별시 영등포구 신길동 3599 신풍역,37.5002786,126.9094236
246,대림(구로구청),7,구로구,대림동,서울특별시 구로구 대림동 1050-17 대림역(7호선),37.4927052,126.8966027
247,남구로,7,구로구,구로동,서울특별시 구로구 구로동 801-95 남구로역,37.486142,126.88734
248,가산디지털단지,7,금천구,가산동,서울특별시 금천구 가산동 54-3 가산디지털단지역,37.481128,126.883016
249,철산,7,광명시,철산동,경기도 광명시 철산동 526 철산역,37.4760554,126.8679003
250,광명사거리,7,광명시,광명동,경기도 광명시 광명동 158-211 광명사거리역,37.4792784,126.8547139
251,천왕,7,구로구,오류동,서울특별시 구로구 오류동 174-6 천왕역,37.486651,126.838759
252,온수(성공회대입구),7,구로구,온수동,서울특별시 구로구 온수동 53-1 온수역(7호선),37.492097,126.823042
253,까치울,7,부천시,춘의동,경기도 부천시 원미구 춘의동 3-1 까치울역,37.5062327,126.8113591
254,부천종합운동장,7,부천시,춘의동,경기도 부천시 원미구 춘의동 15-1 부천종합운동장역,37.505452,126.797498
255,춘의,7,부천시,춘의동,경기도 부천시 원미구 춘의동 145 춘의역,37.504668,126.786654
256,신중동,7,부천시,중동,경기도 부천시 원미구 중동 1140-6 신중동역,37.503064,126.775977
257,부천시청,7,부천시,중동,경기도 부천시 원미구 중동 1243 부천시청역,37.5045826,126.7640261
258,상동,7,부천시,상동,경기도 부천시 원미구 상동 633 상동역,37.505814,126.753163
259,삼산체육관,7,부평구,삼산동,인천광역시 부평구 삼산동 466 삼산체육관역,37.506424,126.742098
260,굴포천,7,부평구,삼산동,인천광역시 부평구 삼산동 466 굴포천역,37.506967,126.731267
261,부평구청,7,부평구,갈산동,인천광역시 부평구 갈산동 193-45 부평구청역,37.508073,126.72091
262,암사,8,강동구,암사동,서울특별시 강동구 암사동 501 암사역,37.5511435,127.1281759
263,천호(풍납토성),8,강동구,천호동,"서울특별시 강동구 천호동 455 천호역(5, 8호선)",37.5385777,127.1234213
264,강동구청,8,강동구,성내동,서울특별시 강동구 성내동 319 강동구청역,37.5304447,127.1205399
265,몽촌토성(평화의문),8,송파구,신천동,서울특별시 송파구 신천동 19 몽촌토성역,37.518545,127.113083
266,잠실(송파구청),8,송파구,잠실동,서울특별시 송파구 잠실동 7-4 잠실역(8호선),37.5149545,127.1042019
267,석촌,8,송파구,석촌동,서울특별시 송파구 석촌동 209 석촌역,37.50553,127.10658
268,송파,8,송파구,가락동,서울특별시 송파구 가락동 459-4 송파역,37.499739,127.112201
269,가락시장,8,송파구,가락동,"서울특별시 송파구 가락동 184-23 가락시장역(3, 8호선)",37.4928393,127.1180844
270,문정,8,송파구,문정동,서울특별시 송파구 문정동 119-4 문정역,37.4881176,127.1211404
271,장지,8,송파구,장지동,서울특별시 송파구 장지동 201-5 장지역,37.477699,127.126274
272,복정,8,송파구,장지동,서울특별시 송파구 장지동 596-21 복정역,37.470375,127.126685
273,산성,8,성남시 수정구,신흥동,경기도 성남시 수정구 신흥동 7-4 산성역,37.4564866,127.1499344
274,남한산성입구(성남법원?검찰청),8,성남시 수정구,단대동,경기도 성남시 수정구 단대동 96 남한산성입구역,37.451548,127.159837
275,단대오거리,8,성남시 수정구,신흥동,경기도 성남시 수정구 신흥동 2467 단대오거리역,37.44505,127.156709
276,신흥,8,성남시 수정구,신흥동,경기도 성남시 수정구 신흥동 2467 신흥역,37.4407489,127.1463494
277,수진,8,성남시 수정구,수진동,경기도 성남시 수정구 수진동 2205-1 수진역,37.4376051,127.1409692
278,모란,8,성남시 수정구,수진동,경기도 성남시 수정구 수진동 4808 모란역,37.4348869,127.1290696
